departement;pourcentage
GEE;33.33333333333333
TIC;66.66666666666666
ET;0.0
